subject_id,date,session,left,right,has_right,has_left,date_parsed,day_of_week,day_name,session_hour,work_type
103,13-10-2025,09-30-00,1193.714,1196.256,1,1,2025-10-13,0,Monday,9,BO
103,13-10-2025,11-30-00,1196.58,1166.458,1,1,2025-10-13,0,Monday,11,BO
103,13-10-2025,13-30-00,1185.192,532.679,1,1,2025-10-13,0,Monday,13,BO
103,14-10-2025,09-30-00,1195.876,1194.548,1,1,2025-10-14,1,Tuesday,9,BO
103,14-10-2025,11-00-00,1195.416,1188.524,1,1,2025-10-14,1,Tuesday,11,BO
103,14-10-2025,14-00-01,1193.82,,0,1,2025-10-14,1,Tuesday,14,BO
103,15-10-2025,09-00-01,1194.957,1197.536,1,1,2025-10-15,2,Wednesday,9,BO
103,15-10-2025,11-00-00,1197.185,1196.101,1,1,2025-10-15,2,Wednesday,11,BO
103,15-10-2025,13-00-00,1170.694,600.409,1,1,2025-10-15,2,Wednesday,13,BO
103,15-10-2025,13-40-00,1192.869,,0,1,2025-10-15,2,Wednesday,13,BO
103,16-10-2025,10-30-00,1168.919,1196.993,1,1,2025-10-16,3,Thursday,10,BO
103,16-10-2025,11-30-00,,731.572,1,0,2025-10-16,3,Thursday,11,BO
103,16-10-2025,12-30-00,,1128.062,1,0,2025-10-16,3,Thursday,12,BO
103,17-10-2025,09-00-00,1191.64,1196.362,1,1,2025-10-17,4,Friday,9,BO
103,17-10-2025,11-00-00,1193.967,1190.955,1,1,2025-10-17,4,Friday,11,BO
103,17-10-2025,12-00-00,106.885,1193.943,1,1,2025-10-17,4,Friday,12,BO
103,17-10-2025,13-30-00,,1186.791,1,0,2025-10-17,4,Friday,13,BO
104,13-10-2025,14-30-00,1191.211,1194.95,1,1,2025-10-13,0,Monday,14,FO
104,13-10-2025,16-00-01,1191.257,1179.355,1,1,2025-10-13,0,Monday,16,FO
104,13-10-2025,17-30-00,1194.953,1193.065,1,1,2025-10-13,0,Monday,17,FO
104,13-10-2025,18-30-00,722.706,1177.409,1,1,2025-10-13,0,Monday,18,FO
104,14-10-2025,14-30-00,1188.656,1189.408,1,1,2025-10-14,1,Tuesday,14,FO
104,14-10-2025,15-30-00,1190.734,1192.08,1,1,2025-10-14,1,Tuesday,15,FO
104,14-10-2025,16-30-00,1197.587,1195.492,1,1,2025-10-14,1,Tuesday,16,FO
104,14-10-2025,17-30-00,1196.468,1197.793,1,1,2025-10-14,1,Tuesday,17,FO
104,15-10-2025,14-30-00,1193.33,1162.693,1,1,2025-10-15,2,Wednesday,14,FO
104,15-10-2025,16-00-00,1189.527,1193.778,1,1,2025-10-15,2,Wednesday,16,FO
104,15-10-2025,17-00-00,1194.426,1191.888,1,1,2025-10-15,2,Wednesday,17,FO
104,15-10-2025,18-00-00,235.235,1195.075,1,1,2025-10-15,2,Wednesday,18,FO
104,16-10-2025,15-00-01,1188.535,1197.407,1,1,2025-10-16,3,Thursday,15,FO
104,16-10-2025,16-30-00,1159.99,1143.706,1,1,2025-10-16,3,Thursday,16,FO
104,16-10-2025,17-30-00,1192.207,1194.648,1,1,2025-10-16,3,Thursday,17,FO
104,16-10-2025,18-30-00,152.768,1192.886,1,1,2025-10-16,3,Thursday,18,FO
104,17-10-2025,15-00-01,1191.187,1184.116,1,1,2025-10-17,4,Friday,15,FO
104,17-10-2025,16-00-00,1196.417,1190.926,1,1,2025-10-17,4,Friday,16,FO
104,17-10-2025,17-00-00,1191.959,1192.66,1,1,2025-10-17,4,Friday,17,FO
104,17-10-2025,18-00-00,111.399,1197.808,1,1,2025-10-17,4,Friday,18,FO
105,13-10-2025,14-30-00,1196.966,1195.013,1,1,2025-10-13,0,Monday,14,FO
105,13-10-2025,16-00-00,,1184.599,1,0,2025-10-13,0,Monday,16,FO
105,13-10-2025,17-00-00,1197.742,1147.758,1,1,2025-10-13,0,Monday,17,FO
105,13-10-2025,18-00-00,1171.637,1173.598,1,1,2025-10-13,0,Monday,18,FO
105,15-10-2025,15-00-01,1192.48,1192.124,1,1,2025-10-15,2,Wednesday,15,FO
105,15-10-2025,16-30-00,1197.833,1194.898,1,1,2025-10-15,2,Wednesday,16,FO
105,15-10-2025,17-30-00,1193.685,1193.685,1,1,2025-10-15,2,Wednesday,17,FO
105,15-10-2025,18-10-00,1197.257,1195.262,1,1,2025-10-15,2,Wednesday,18,FO
105,16-10-2025,14-30-00,1192.742,,0,1,2025-10-16,3,Thursday,14,FO
105,16-10-2025,15-00-00,1079.767,,0,1,2025-10-16,3,Thursday,15,FO
105,16-10-2025,16-30-00,1108.013,,0,1,2025-10-16,3,Thursday,16,FO
105,17-10-2025,14-30-00,1195.654,,0,1,2025-10-17,4,Friday,14,FO
105,17-10-2025,15-30-00,1196.038,,0,1,2025-10-17,4,Friday,15,FO
105,17-10-2025,17-00-00,1189.121,,0,1,2025-10-17,4,Friday,17,FO
105,17-10-2025,18-00-00,1197.969,,0,1,2025-10-17,4,Friday,18,FO
106,13-10-2025,10-30-01,1194.014,1198.84,1,1,2025-10-13,0,Monday,10,FO
106,13-10-2025,11-30-00,1191.076,1194.243,1,1,2025-10-13,0,Monday,11,FO
106,13-10-2025,12-30-00,1157.467,1186.68,1,1,2025-10-13,0,Monday,12,FO
106,13-10-2025,13-30-00,1186.797,1132.439,1,1,2025-10-13,0,Monday,13,FO
106,14-10-2025,15-00-00,1196.135,1173.856,1,1,2025-10-14,1,Tuesday,15,FO
106,14-10-2025,16-00-00,1191.056,1195.446,1,1,2025-10-14,1,Tuesday,16,FO
106,14-10-2025,17-00-00,1179.703,1184.322,1,1,2025-10-14,1,Tuesday,17,FO
106,14-10-2025,18-00-00,1092.262,1153.257,1,1,2025-10-14,1,Tuesday,18,FO
106,15-10-2025,14-30-00,1188.771,1194.194,1,1,2025-10-15,2,Wednesday,14,FO
106,15-10-2025,15-30-00,1097.672,1143.67,1,1,2025-10-15,2,Wednesday,15,FO
106,15-10-2025,16-30-00,1185.633,1194.128,1,1,2025-10-15,2,Wednesday,16,FO
106,16-10-2025,09-30-01,1196.652,1193.618,1,1,2025-10-16,3,Thursday,9,FO
106,16-10-2025,10-30-00,1191.262,1120.847,1,1,2025-10-16,3,Thursday,10,FO
106,16-10-2025,12-00-00,1191.641,1188.26,1,1,2025-10-16,3,Thursday,12,FO
106,16-10-2025,13-00-01,1190.546,1187.643,1,1,2025-10-16,3,Thursday,13,FO
106,17-10-2025,15-30-00,1193.233,1173.348,1,1,2025-10-17,4,Friday,15,FO
106,17-10-2025,16-30-01,1172.647,1195.619,1,1,2025-10-17,4,Friday,16,FO
106,17-10-2025,17-15-00,1188.388,1189.919,1,1,2025-10-17,4,Friday,17,FO
106,17-10-2025,18-15-00,1161.07,1193.288,1,1,2025-10-17,4,Friday,18,FO
107,13-10-2025,11-30-00,1195.916,1191.308,1,1,2025-10-13,0,Monday,11,FO
107,13-10-2025,12-30-01,1155.785,1174.16,1,1,2025-10-13,0,Monday,12,FO
107,13-10-2025,14-30-00,1196.758,1191.56,1,1,2025-10-13,0,Monday,14,FO
107,13-10-2025,15-30-00,1192.966,1187.491,1,1,2025-10-13,0,Monday,15,FO
107,14-10-2025,15-00-01,1095.064,1187.272,1,1,2025-10-14,1,Tuesday,15,FO
107,14-10-2025,16-00-00,1195.223,1146.847,1,1,2025-10-14,1,Tuesday,16,FO
107,14-10-2025,17-00-00,1198.635,1155.783,1,1,2025-10-14,1,Tuesday,17,FO
107,14-10-2025,18-00-00,1197.224,1169.476,1,1,2025-10-14,1,Tuesday,18,FO
107,15-10-2025,10-30-00,1194.478,,0,1,2025-10-15,2,Wednesday,10,FO
107,15-10-2025,12-00-01,1193.211,,0,1,2025-10-15,2,Wednesday,12,FO
107,15-10-2025,14-30-00,1193.345,,0,1,2025-10-15,2,Wednesday,14,FO
107,15-10-2025,15-30-00,1104.594,,0,1,2025-10-15,2,Wednesday,15,FO
107,16-10-2025,11-30-00,1189.85,1190.974,1,1,2025-10-16,3,Thursday,11,FO
107,16-10-2025,12-30-00,1133.636,1166.122,1,1,2025-10-16,3,Thursday,12,FO
107,16-10-2025,14-30-00,1126.823,1197.341,1,1,2025-10-16,3,Thursday,14,FO
107,16-10-2025,15-30-00,1193.384,,0,1,2025-10-16,3,Thursday,15,FO
107,17-10-2025,09-00-00,1103.263,1196.313,1,1,2025-10-17,4,Friday,9,FO
107,17-10-2025,10-30-00,1119.761,1144.3,1,1,2025-10-17,4,Friday,10,FO
107,17-10-2025,12-00-00,1192.062,1186.892,1,1,2025-10-17,4,Friday,12,FO
107,17-10-2025,13-30-00,1122.866,,0,1,2025-10-17,4,Friday,13,FO
108,13-10-2025,10-00-00,1190.527,1190.356,1,1,2025-10-13,0,Monday,10,FO
108,13-10-2025,12-00-00,1194.726,1161.929,1,1,2025-10-13,0,Monday,12,FO
108,13-10-2025,13-30-00,1194.302,1184.514,1,1,2025-10-13,0,Monday,13,FO
108,13-10-2025,14-30-00,392.391,436.423,1,1,2025-10-13,0,Monday,14,FO
108,14-10-2025,09-30-00,1190.52,1133.247,1,1,2025-10-14,1,Tuesday,9,FO
108,14-10-2025,11-00-01,1198.291,1180.562,1,1,2025-10-14,1,Tuesday,11,FO
108,14-10-2025,13-00-00,1192.04,1189.793,1,1,2025-10-14,1,Tuesday,13,FO
108,14-10-2025,13-40-00,1180.976,1157.66,1,1,2025-10-14,1,Tuesday,13,FO
108,15-10-2025,10-00-00,1190.092,1190.087,1,1,2025-10-15,2,Wednesday,10,FO
108,15-10-2025,11-30-01,804.902,,0,1,2025-10-15,2,Wednesday,11,FO
108,15-10-2025,12-30-00,1177.298,,0,1,2025-10-15,2,Wednesday,12,FO
108,15-10-2025,13-30-00,1072.752,,0,1,2025-10-15,2,Wednesday,13,FO
108,16-10-2025,10-30-00,1196.962,1189.975,1,1,2025-10-16,3,Thursday,10,FO
108,16-10-2025,11-30-00,1189.019,1142.766,1,1,2025-10-16,3,Thursday,11,FO
108,16-10-2025,12-30-01,1192.132,1198.177,1,1,2025-10-16,3,Thursday,12,FO
108,16-10-2025,13-30-00,1156.061,1166.387,1,1,2025-10-16,3,Thursday,13,FO
108,17-10-2025,09-30-00,,1178.213,1,0,2025-10-17,4,Friday,9,FO
108,17-10-2025,11-00-00,,1042.192,1,0,2025-10-17,4,Friday,11,FO
108,17-10-2025,13-30-02,,1175.229,1,0,2025-10-17,4,Friday,13,FO
109,13-10-2025,10-30-00,,1164.726,1,0,2025-10-13,0,Monday,10,FO
109,13-10-2025,11-30-01,,1194.403,1,0,2025-10-13,0,Monday,11,FO
109,13-10-2025,12-30-01,,1195.311,1,0,2025-10-13,0,Monday,12,FO
109,13-10-2025,13-30-01,,1185.039,1,0,2025-10-13,0,Monday,13,FO
109,14-10-2025,10-00-00,1194.699,,0,1,2025-10-14,1,Tuesday,10,FO
109,14-10-2025,11-00-00,1182.73,,0,1,2025-10-14,1,Tuesday,11,FO
109,14-10-2025,12-15-00,1190.007,,0,1,2025-10-14,1,Tuesday,12,FO
109,15-10-2025,09-30-00,1188.754,1195.063,1,1,2025-10-15,2,Wednesday,9,FO
109,15-10-2025,11-00-00,1169.703,1190.552,1,1,2025-10-15,2,Wednesday,11,FO
109,15-10-2025,13-00-00,,1177.46,1,0,2025-10-15,2,Wednesday,13,FO
109,15-10-2025,13-40-00,,1189.843,1,0,2025-10-15,2,Wednesday,13,FO
109,16-10-2025,10-00-00,1161.677,1190.556,1,1,2025-10-16,3,Thursday,10,FO
109,16-10-2025,11-00-01,1195.227,1154.098,1,1,2025-10-16,3,Thursday,11,FO
109,16-10-2025,12-00-00,621.619,1190.921,1,1,2025-10-16,3,Thursday,12,FO
109,16-10-2025,13-00-00,,1193.719,1,0,2025-10-16,3,Thursday,13,FO
109,17-10-2025,10-00-00,1187.266,1194.874,1,1,2025-10-17,4,Friday,10,FO
109,17-10-2025,11-00-00,1176.663,1102.962,1,1,2025-10-17,4,Friday,11,FO
109,17-10-2025,12-30-00,1191.04,1081.395,1,1,2025-10-17,4,Friday,12,FO
109,17-10-2025,13-30-00,1184.624,,0,1,2025-10-17,4,Friday,13,FO
110,13-10-2025,10-30-00,1183.268,1187.394,1,1,2025-10-13,0,Monday,10,FO
110,13-10-2025,11-30-00,1184.934,,0,1,2025-10-13,0,Monday,11,FO
110,13-10-2025,13-30-00,1173.414,1184.146,1,1,2025-10-13,0,Monday,13,FO
110,14-10-2025,10-30-00,1186.396,1187.368,1,1,2025-10-14,1,Tuesday,10,FO
110,14-10-2025,12-00-00,1183.133,1178.028,1,1,2025-10-14,1,Tuesday,12,FO
110,14-10-2025,14-30-01,1190.37,1180.682,1,1,2025-10-14,1,Tuesday,14,FO
110,14-10-2025,15-30-01,,661.954,1,0,2025-10-14,1,Tuesday,15,FO
110,15-10-2025,11-30-00,1192.269,1186.056,1,1,2025-10-15,2,Wednesday,11,FO
110,15-10-2025,12-30-00,1179.654,1123.737,1,1,2025-10-15,2,Wednesday,12,FO
110,15-10-2025,15-00-00,560.154,1159.418,1,1,2025-10-15,2,Wednesday,15,FO
110,16-10-2025,10-00-00,1191.725,1183.362,1,1,2025-10-16,3,Thursday,10,FO
110,16-10-2025,11-30-00,1155.5,989.211,1,1,2025-10-16,3,Thursday,11,FO
110,16-10-2025,14-30-00,1193.824,1142.415,1,1,2025-10-16,3,Thursday,14,FO
110,16-10-2025,15-30-00,,1048.228,1,0,2025-10-16,3,Thursday,15,FO
110,17-10-2025,10-30-00,1192.928,1185.053,1,1,2025-10-17,4,Friday,10,FO
110,17-10-2025,11-30-00,910.29,1111.284,1,1,2025-10-17,4,Friday,11,FO
110,17-10-2025,14-30-00,1130.297,1182.882,1,1,2025-10-17,4,Friday,14,FO
110,17-10-2025,15-30-00,,369.538,1,0,2025-10-17,4,Friday,15,FO
112,27-10-2025,10-30-00,1128.219,1134.613,1,1,2025-10-27,0,Monday,10,BO
112,27-10-2025,11-30-00,1175.173,1189.726,1,1,2025-10-27,0,Monday,11,BO
112,27-10-2025,13-00-00,1197.319,1198.797,1,1,2025-10-27,0,Monday,13,BO
112,28-10-2025,15-30-00,1192.286,1198.961,1,1,2025-10-28,1,Tuesday,15,BO
112,28-10-2025,16-30-01,1185.967,1133.254,1,1,2025-10-28,1,Tuesday,16,BO
112,28-10-2025,17-30-01,1197.737,1120.077,1,1,2025-10-28,1,Tuesday,17,BO
112,28-10-2025,18-30-01,1191.403,,0,1,2025-10-28,1,Tuesday,18,BO
112,30-10-2025,15-30-00,1192.451,1189.608,1,1,2025-10-30,3,Thursday,15,BO
112,30-10-2025,16-30-00,1192.805,1190.971,1,1,2025-10-30,3,Thursday,16,BO
112,30-10-2025,17-30-00,1196.363,1193.292,1,1,2025-10-30,3,Thursday,17,BO
112,30-10-2025,18-30-00,1181.902,76.259,1,1,2025-10-30,3,Thursday,18,BO
112,31-10-2025,15-30-01,1194.646,1196.047,1,1,2025-10-31,4,Friday,15,BO
112,31-10-2025,16-30-00,1189.451,1191.48,1,1,2025-10-31,4,Friday,16,BO
112,31-10-2025,18-30-00,,888.541,1,0,2025-10-31,4,Friday,18,BO
113,20-10-2025,11-00-00,1195.809,1197.263,1,1,2025-10-20,0,Monday,11,BO
113,20-10-2025,12-00-00,1179.55,1198.017,1,1,2025-10-20,0,Monday,12,BO
113,20-10-2025,13-30-00,213.496,1197.23,1,1,2025-10-20,0,Monday,13,BO
113,20-10-2025,14-30-00,,1172.424,1,0,2025-10-20,0,Monday,14,BO
113,21-10-2025,11-00-00,1197.536,1195.874,1,1,2025-10-21,1,Tuesday,11,BO
113,21-10-2025,12-30-00,1197.262,1197.155,1,1,2025-10-21,1,Tuesday,12,BO
113,21-10-2025,13-30-00,1195.73,1178.664,1,1,2025-10-21,1,Tuesday,13,BO
113,21-10-2025,15-00-00,,1195.664,1,0,2025-10-21,1,Tuesday,15,BO
113,22-10-2025,11-00-01,1190.365,1197.959,1,1,2025-10-22,2,Wednesday,11,BO
113,22-10-2025,12-30-00,1189.859,1194.347,1,1,2025-10-22,2,Wednesday,12,BO
113,22-10-2025,14-00-00,129.909,1194.552,1,1,2025-10-22,2,Wednesday,14,BO
113,22-10-2025,15-30-00,,1169.896,1,0,2025-10-22,2,Wednesday,15,BO
113,23-10-2025,11-00-01,1196.996,1194.611,1,1,2025-10-23,3,Thursday,11,BO
113,23-10-2025,12-00-00,1192.64,1190.401,1,1,2025-10-23,3,Thursday,12,BO
113,23-10-2025,13-30-00,862.851,1191.659,1,1,2025-10-23,3,Thursday,13,BO
113,23-10-2025,15-30-00,,1155.38,1,0,2025-10-23,3,Thursday,15,BO
113,24-10-2025,11-00-00,1196.41,1192.135,1,1,2025-10-24,4,Friday,11,BO
113,24-10-2025,12-30-00,1194.888,1162.657,1,1,2025-10-24,4,Friday,12,BO
113,24-10-2025,13-30-00,587.744,1193.687,1,1,2025-10-24,4,Friday,13,BO
113,24-10-2025,15-00-00,,1192.129,1,0,2025-10-24,4,Friday,15,BO
114,20-10-2025,18-30-02,1195.11,,0,1,2025-10-20,0,Monday,18,BO
114,21-10-2025,17-30-00,1190.776,1176.193,1,1,2025-10-21,1,Tuesday,17,BO
114,22-10-2025,15-30-00,1188.179,,0,1,2025-10-22,2,Wednesday,15,BO
114,22-10-2025,18-00-00,1196.253,,0,1,2025-10-22,2,Wednesday,18,BO
114,22-10-2025,19-00-00,1160.724,,0,1,2025-10-22,2,Wednesday,19,BO
114,23-10-2025,15-00-00,1196.266,1196.456,1,1,2025-10-23,3,Thursday,15,BO
114,23-10-2025,16-00-00,,1191.63,1,0,2025-10-23,3,Thursday,16,BO
115,20-10-2025,09-30-00,1197.585,1196.343,1,1,2025-10-20,0,Monday,9,FO
115,20-10-2025,11-00-00,1198.52,1196.7,1,1,2025-10-20,0,Monday,11,FO
115,20-10-2025,12-30-00,1093.9,1198.419,1,1,2025-10-20,0,Monday,12,FO
115,20-10-2025,13-30-00,,717.865,1,0,2025-10-20,0,Monday,13,FO
115,21-10-2025,09-30-00,1191.17,1196.595,1,1,2025-10-21,1,Tuesday,9,FO
115,21-10-2025,11-00-00,1191.211,1143.596,1,1,2025-10-21,1,Tuesday,11,FO
115,21-10-2025,12-00-00,1192.588,1197.532,1,1,2025-10-21,1,Tuesday,12,FO
115,21-10-2025,13-45-00,127.003,1128.455,1,1,2025-10-21,1,Tuesday,13,FO
115,22-10-2025,09-00-00,1196.165,1195.152,1,1,2025-10-22,2,Wednesday,9,FO
115,22-10-2025,10-30-00,1182.7,1193.12,1,1,2025-10-22,2,Wednesday,10,FO
115,22-10-2025,12-00-00,1197.122,1198.36,1,1,2025-10-22,2,Wednesday,12,FO
115,22-10-2025,13-40-00,192.132,1153.819,1,1,2025-10-22,2,Wednesday,13,FO
115,23-10-2025,09-30-00,1192.243,1156.189,1,1,2025-10-23,3,Thursday,9,FO
115,23-10-2025,10-30-00,1192.268,1184.225,1,1,2025-10-23,3,Thursday,10,FO
115,23-10-2025,12-00-00,1196.973,1151.327,1,1,2025-10-23,3,Thursday,12,FO
115,23-10-2025,13-30-00,299.217,1196.914,1,1,2025-10-23,3,Thursday,13,FO
116,20-10-2025,10-30-01,1191.148,1196.097,1,1,2025-10-20,0,Monday,10,FO
116,20-10-2025,11-30-00,1194.822,,0,1,2025-10-20,0,Monday,11,FO
116,20-10-2025,12-30-00,1195.238,,0,1,2025-10-20,0,Monday,12,FO
116,20-10-2025,13-30-00,1194.377,,0,1,2025-10-20,0,Monday,13,FO
116,21-10-2025,10-30-00,1195.806,1166.896,1,1,2025-10-21,1,Tuesday,10,FO
116,21-10-2025,12-00-00,1190.46,1150.493,1,1,2025-10-21,1,Tuesday,12,FO
116,21-10-2025,13-15-00,1189.811,1185.985,1,1,2025-10-21,1,Tuesday,13,FO
116,21-10-2025,14-00-00,1190.055,701.482,1,1,2025-10-21,1,Tuesday,14,FO
116,22-10-2025,10-45-00,1195.174,1191.515,1,1,2025-10-22,2,Wednesday,10,FO
116,22-10-2025,11-45-00,1193.624,1193.641,1,1,2025-10-22,2,Wednesday,11,FO
116,22-10-2025,12-45-00,1194.048,1191.651,1,1,2025-10-22,2,Wednesday,12,FO
116,22-10-2025,13-45-00,1194.79,1164.281,1,1,2025-10-22,2,Wednesday,13,FO
116,23-10-2025,11-00-00,1167.507,1166.621,1,1,2025-10-23,3,Thursday,11,FO
116,23-10-2025,12-00-00,1193.464,1180.011,1,1,2025-10-23,3,Thursday,12,FO
116,23-10-2025,13-00-00,1185.041,1184.405,1,1,2025-10-23,3,Thursday,13,FO
116,23-10-2025,14-00-00,,926.068,1,0,2025-10-23,3,Thursday,14,FO
116,24-10-2025,10-30-00,1194.567,1143.51,1,1,2025-10-24,4,Friday,10,FO
116,24-10-2025,11-30-01,1190.651,1193.965,1,1,2025-10-24,4,Friday,11,FO
116,24-10-2025,13-00-00,1195.381,1190.721,1,1,2025-10-24,4,Friday,13,FO
116,24-10-2025,14-00-00,1195.372,525.805,1,1,2025-10-24,4,Friday,14,FO
117,20-10-2025,09-30-01,1189.739,1182.128,1,1,2025-10-20,0,Monday,9,BO
117,20-10-2025,11-00-00,1191.604,1195.241,1,1,2025-10-20,0,Monday,11,BO
117,20-10-2025,12-30-00,1195.657,1192.041,1,1,2025-10-20,0,Monday,12,BO
117,20-10-2025,13-30-00,1193.642,,0,1,2025-10-20,0,Monday,13,BO
117,21-10-2025,08-40-00,1196.332,1165.901,1,1,2025-10-21,1,Tuesday,8,BO
117,21-10-2025,11-00-00,1197.98,1197.478,1,1,2025-10-21,1,Tuesday,11,BO
117,21-10-2025,12-45-00,1191.239,1177.465,1,1,2025-10-21,1,Tuesday,12,BO
117,21-10-2025,14-00-00,1197.308,1190.975,1,1,2025-10-21,1,Tuesday,14,BO
117,22-10-2025,09-30-00,1161.357,1198.677,1,1,2025-10-22,2,Wednesday,9,BO
117,22-10-2025,11-00-00,1189.632,1191.966,1,1,2025-10-22,2,Wednesday,11,BO
117,22-10-2025,12-00-00,1197.806,1191.141,1,1,2025-10-22,2,Wednesday,12,BO
117,22-10-2025,13-00-00,1186.594,1193.039,1,1,2025-10-22,2,Wednesday,13,BO
117,23-10-2025,09-45-01,1193.672,1187.267,1,1,2025-10-23,3,Thursday,9,BO
117,23-10-2025,10-45-01,1196.618,1199.084,1,1,2025-10-23,3,Thursday,10,BO
117,23-10-2025,12-30-00,1197.208,1196.977,1,1,2025-10-23,3,Thursday,12,BO
117,23-10-2025,13-30-00,1192.604,1182.257,1,1,2025-10-23,3,Thursday,13,BO
117,24-10-2025,15-30-00,1195.685,1192.775,1,1,2025-10-24,4,Friday,15,BO
117,24-10-2025,16-30-00,1180.071,1195.472,1,1,2025-10-24,4,Friday,16,BO
117,24-10-2025,17-30-00,1120.812,1193.554,1,1,2025-10-24,4,Friday,17,BO
117,24-10-2025,18-30-00,1193.21,1196.829,1,1,2025-10-24,4,Friday,18,BO
118,20-10-2025,09-30-00,1194.078,1144.555,1,1,2025-10-20,0,Monday,9,FO
118,20-10-2025,10-30-00,1055.176,1184.655,1,1,2025-10-20,0,Monday,10,FO
118,20-10-2025,12-00-00,1192.596,1188.516,1,1,2025-10-20,0,Monday,12,FO
118,20-10-2025,13-00-00,1190.217,758.662,1,1,2025-10-20,0,Monday,13,FO
118,21-10-2025,09-30-00,1196.111,1190.459,1,1,2025-10-21,1,Tuesday,9,FO
118,21-10-2025,10-30-00,1197.714,1192.227,1,1,2025-10-21,1,Tuesday,10,FO
118,21-10-2025,12-00-00,1072.792,,0,1,2025-10-21,1,Tuesday,12,FO
118,21-10-2025,13-30-00,1175.108,,0,1,2025-10-21,1,Tuesday,13,FO
118,22-10-2025,09-00-00,1197.026,1143.544,1,1,2025-10-22,2,Wednesday,9,FO
118,22-10-2025,10-30-00,1197.554,1120.325,1,1,2025-10-22,2,Wednesday,10,FO
118,22-10-2025,12-30-00,1197.133,1180.526,1,1,2025-10-22,2,Wednesday,12,FO
118,22-10-2025,13-30-00,1127.094,101.764,1,1,2025-10-22,2,Wednesday,13,FO
118,23-10-2025,09-30-00,1193.003,1192.413,1,1,2025-10-23,3,Thursday,9,FO
118,23-10-2025,11-00-00,1193.511,1186.759,1,1,2025-10-23,3,Thursday,11,FO
118,23-10-2025,12-15-00,1176.628,,0,1,2025-10-23,3,Thursday,12,FO
118,23-10-2025,13-15-00,1195.074,,0,1,2025-10-23,3,Thursday,13,FO
118,24-10-2025,09-00-00,1159.473,1195.065,1,1,2025-10-24,4,Friday,9,FO
118,24-10-2025,10-00-00,1193.146,1176.739,1,1,2025-10-24,4,Friday,10,FO
118,24-10-2025,11-00-00,,1195.307,1,0,2025-10-24,4,Friday,11,FO
118,24-10-2025,13-45-00,1164.243,,0,1,2025-10-24,4,Friday,13,FO
120,20-10-2025,16-00-00,1158.458,1187.757,1,1,2025-10-20,0,Monday,16,BO
120,20-10-2025,17-00-00,1196.888,1194.277,1,1,2025-10-20,0,Monday,17,BO
120,20-10-2025,18-00-00,1194.858,,0,1,2025-10-20,0,Monday,18,BO
120,20-10-2025,19-00-00,1188.837,1189.304,1,1,2025-10-20,0,Monday,19,BO
120,21-10-2025,18-00-00,1193.065,,0,1,2025-10-21,1,Tuesday,18,BO
120,22-10-2025,15-45-00,1193.604,,0,1,2025-10-22,2,Wednesday,15,BO
120,22-10-2025,16-45-00,1189.358,,0,1,2025-10-22,2,Wednesday,16,BO
120,22-10-2025,17-45-00,1191.134,,0,1,2025-10-22,2,Wednesday,17,BO
120,22-10-2025,18-45-00,1014.499,,0,1,2025-10-22,2,Wednesday,18,BO
120,23-10-2025,15-30-00,1194.941,1189.532,1,1,2025-10-23,3,Thursday,15,BO
120,23-10-2025,16-30-00,1193.516,1183.424,1,1,2025-10-23,3,Thursday,16,BO
120,23-10-2025,17-30-00,1191.905,1185.797,1,1,2025-10-23,3,Thursday,17,BO
120,23-10-2025,18-30-00,671.968,1188.266,1,1,2025-10-23,3,Thursday,18,BO
120,24-10-2025,18-30-00,802.668,,0,1,2025-10-24,4,Friday,18,BO
122,20-10-2025,15-30-00,,1156.408,1,0,2025-10-20,0,Monday,15,BO
122,20-10-2025,16-30-00,1193.454,1193.642,1,1,2025-10-20,0,Monday,16,BO
122,20-10-2025,17-30-01,1193.306,1195.349,1,1,2025-10-20,0,Monday,17,BO
122,20-10-2025,18-40-00,1189.069,1194.17,1,1,2025-10-20,0,Monday,18,BO
122,21-10-2025,15-30-00,1185.493,1088.746,1,1,2025-10-21,1,Tuesday,15,BO
122,21-10-2025,16-30-00,1192.245,1165.323,1,1,2025-10-21,1,Tuesday,16,BO
122,21-10-2025,17-30-00,1188.94,1191.741,1,1,2025-10-21,1,Tuesday,17,BO
122,21-10-2025,18-30-01,1162.824,1187.765,1,1,2025-10-21,1,Tuesday,18,BO
122,22-10-2025,15-30-01,1188.426,1190.479,1,1,2025-10-22,2,Wednesday,15,BO
122,22-10-2025,16-30-00,1190.483,1089.404,1,1,2025-10-22,2,Wednesday,16,BO
122,22-10-2025,17-30-00,1123.736,1146.416,1,1,2025-10-22,2,Wednesday,17,BO
122,22-10-2025,18-30-00,,1195.228,1,0,2025-10-22,2,Wednesday,18,BO
122,23-10-2025,16-00-00,1194.635,1118.794,1,1,2025-10-23,3,Thursday,16,BO
122,23-10-2025,17-00-00,1190.593,1191.665,1,1,2025-10-23,3,Thursday,17,BO
122,23-10-2025,18-00-00,1195.665,1194.237,1,1,2025-10-23,3,Thursday,18,BO
122,23-10-2025,19-00-00,1193.761,1193.573,1,1,2025-10-23,3,Thursday,19,BO
122,24-10-2025,15-30-00,,1191.553,1,0,2025-10-24,4,Friday,15,BO
122,24-10-2025,16-30-00,1193.703,,0,1,2025-10-24,4,Friday,16,BO
122,24-10-2025,17-30-00,,1187.873,1,0,2025-10-24,4,Friday,17,BO
122,24-10-2025,18-30-00,811.137,1049.648,1,1,2025-10-24,4,Friday,18,BO
123,27-10-2025,09-00-00,1138.153,1126.96,1,1,2025-10-27,0,Monday,9,BO
123,27-10-2025,10-30-00,1192.331,1191.676,1,1,2025-10-27,0,Monday,10,BO
123,27-10-2025,13-00-00,,1137.098,1,0,2025-10-27,0,Monday,13,BO
123,27-10-2025,14-30-00,,294.119,1,0,2025-10-27,0,Monday,14,BO
123,28-10-2025,09-30-00,1195.189,1136.222,1,1,2025-10-28,1,Tuesday,9,BO
123,28-10-2025,10-30-00,1194.845,1189.172,1,1,2025-10-28,1,Tuesday,10,BO
123,28-10-2025,12-30-00,1194.864,1190.58,1,1,2025-10-28,1,Tuesday,12,BO
123,29-10-2025,09-00-00,1196.06,1194.236,1,1,2025-10-29,2,Wednesday,9,BO
123,29-10-2025,10-30-00,1192.847,1165.446,1,1,2025-10-29,2,Wednesday,10,BO
123,29-10-2025,13-30-00,1040.477,1122.458,1,1,2025-10-29,2,Wednesday,13,BO
123,29-10-2025,14-30-00,1161.891,1197.516,1,1,2025-10-29,2,Wednesday,14,BO
123,30-10-2025,09-30-01,1198.588,1196.686,1,1,2025-10-30,3,Thursday,9,BO
123,30-10-2025,10-30-00,1193.042,1197.787,1,1,2025-10-30,3,Thursday,10,BO
123,30-10-2025,13-30-00,,796.918,1,0,2025-10-30,3,Thursday,13,BO
123,30-10-2025,14-30-01,,1188.535,1,0,2025-10-30,3,Thursday,14,BO
123,31-10-2025,09-00-01,1192.205,1186.156,1,1,2025-10-31,4,Friday,9,BO
123,31-10-2025,10-30-00,1197.355,1189.524,1,1,2025-10-31,4,Friday,10,BO
123,31-10-2025,13-30-00,1176.025,1196.379,1,1,2025-10-31,4,Friday,13,BO
123,31-10-2025,14-30-01,1134.545,1085.131,1,1,2025-10-31,4,Friday,14,BO
125,28-10-2025,10-00-00,1189.68,1194.768,1,1,2025-10-28,1,Tuesday,10,BO
125,28-10-2025,11-00-00,1188.421,1191.485,1,1,2025-10-28,1,Tuesday,11,BO
125,28-10-2025,13-00-00,1187.717,1189.372,1,1,2025-10-28,1,Tuesday,13,BO
125,28-10-2025,14-30-00,1191.906,1190.683,1,1,2025-10-28,1,Tuesday,14,BO
125,29-10-2025,10-00-00,1169.626,1194.369,1,1,2025-10-29,2,Wednesday,10,BO
125,29-10-2025,11-30-00,1193.924,1194.943,1,1,2025-10-29,2,Wednesday,11,BO
125,29-10-2025,14-00-00,1190.038,1157.648,1,1,2025-10-29,2,Wednesday,14,BO
125,29-10-2025,16-00-00,484.31,1192.625,1,1,2025-10-29,2,Wednesday,16,BO
125,30-10-2025,10-30-00,,1191.313,1,0,2025-10-30,3,Thursday,10,BO
125,30-10-2025,12-30-00,,955.589,1,0,2025-10-30,3,Thursday,12,BO
125,30-10-2025,14-30-00,,1167.372,1,0,2025-10-30,3,Thursday,14,BO
125,30-10-2025,15-30-00,,1196.786,1,0,2025-10-30,3,Thursday,15,BO
126,27-10-2025,10-30-00,1196.609,1160.928,1,1,2025-10-27,0,Monday,10,BO
126,27-10-2025,11-30-00,1197.709,1194.247,1,1,2025-10-27,0,Monday,11,BO
126,27-10-2025,12-30-00,1165.809,1083.216,1,1,2025-10-27,0,Monday,12,BO
126,27-10-2025,13-30-00,298.275,,0,1,2025-10-27,0,Monday,13,BO
126,28-10-2025,09-30-00,1193.328,1188.909,1,1,2025-10-28,1,Tuesday,9,BO
126,28-10-2025,10-30-00,1197.526,1159.481,1,1,2025-10-28,1,Tuesday,10,BO
126,28-10-2025,12-00-00,1190.345,1194.208,1,1,2025-10-28,1,Tuesday,12,BO
126,29-10-2025,09-30-00,1194.898,1198.659,1,1,2025-10-29,2,Wednesday,9,BO
126,29-10-2025,10-30-00,1171.239,1197.983,1,1,2025-10-29,2,Wednesday,10,BO
126,29-10-2025,12-30-00,1192.225,773.78,1,1,2025-10-29,2,Wednesday,12,BO
126,31-10-2025,09-30-01,1188.181,1198.309,1,1,2025-10-31,4,Friday,9,BO
126,31-10-2025,10-30-01,1189.197,1192.0,1,1,2025-10-31,4,Friday,10,BO
126,31-10-2025,11-30-01,1192.323,1198.098,1,1,2025-10-31,4,Friday,11,BO
126,31-10-2025,13-00-00,345.471,,0,1,2025-10-31,4,Friday,13,BO
127,03-11-2025,15-30-00,1161.252,1134.791,1,1,2025-11-03,0,Monday,15,BO
127,03-11-2025,16-30-00,1147.351,1127.105,1,1,2025-11-03,0,Monday,16,BO
127,03-11-2025,17-30-01,1195.377,1160.388,1,1,2025-11-03,0,Monday,17,BO
127,03-11-2025,18-30-01,1175.269,1194.452,1,1,2025-11-03,0,Monday,18,BO
127,04-11-2025,14-30-01,1161.68,1191.864,1,1,2025-11-04,1,Tuesday,14,BO
127,04-11-2025,15-30-00,1191.359,1186.493,1,1,2025-11-04,1,Tuesday,15,BO
127,04-11-2025,16-30-00,1194.492,1172.484,1,1,2025-11-04,1,Tuesday,16,BO
127,04-11-2025,17-30-00,1191.028,175.799,1,1,2025-11-04,1,Tuesday,17,BO
127,06-11-2025,15-00-00,1194.013,1173.12,1,1,2025-11-06,3,Thursday,15,BO
127,06-11-2025,16-00-00,1197.828,1191.687,1,1,2025-11-06,3,Thursday,16,BO
127,06-11-2025,17-00-00,1160.017,1194.912,1,1,2025-11-06,3,Thursday,17,BO
127,06-11-2025,18-00-00,1160.086,219.262,1,1,2025-11-06,3,Thursday,18,BO
127,07-11-2025,14-30-00,,1195.421,1,0,2025-11-07,4,Friday,14,BO
127,07-11-2025,15-30-00,,1154.63,1,0,2025-11-07,4,Friday,15,BO
127,07-11-2025,16-30-00,,1096.353,1,0,2025-11-07,4,Friday,16,BO
127,07-11-2025,18-00-00,,249.034,1,0,2025-11-07,4,Friday,18,BO
128,27-10-2025,10-00-00,,1195.672,1,0,2025-10-27,0,Monday,10,FO
128,27-10-2025,11-00-00,1197.724,1192.139,1,1,2025-10-27,0,Monday,11,FO
128,27-10-2025,12-30-00,1195.836,1194.034,1,1,2025-10-27,0,Monday,12,FO
128,27-10-2025,13-30-00,,1189.625,1,0,2025-10-27,0,Monday,13,FO
128,28-10-2025,09-30-01,1152.149,1195.732,1,1,2025-10-28,1,Tuesday,9,FO
128,28-10-2025,10-30-00,1193.788,1189.865,1,1,2025-10-28,1,Tuesday,10,FO
128,28-10-2025,12-00-00,1194.316,1175.637,1,1,2025-10-28,1,Tuesday,12,FO
128,28-10-2025,13-30-00,,1050.156,1,0,2025-10-28,1,Tuesday,13,FO
128,29-10-2025,09-30-00,1196.5,1192.406,1,1,2025-10-29,2,Wednesday,9,FO
128,29-10-2025,12-30-00,1195.086,1171.208,1,1,2025-10-29,2,Wednesday,12,FO
128,29-10-2025,13-30-00,,820.77,1,0,2025-10-29,2,Wednesday,13,FO
128,30-10-2025,09-30-00,,1194.981,1,0,2025-10-30,3,Thursday,9,FO
128,30-10-2025,10-30-00,1171.397,1194.722,1,1,2025-10-30,3,Thursday,10,FO
128,30-10-2025,11-30-00,1192.13,1193.172,1,1,2025-10-30,3,Thursday,11,FO
128,30-10-2025,13-00-00,,1177.265,1,0,2025-10-30,3,Thursday,13,FO
128,31-10-2025,10-00-00,1197.625,1078.289,1,1,2025-10-31,4,Friday,10,FO
128,31-10-2025,11-00-00,1190.685,1191.627,1,1,2025-10-31,4,Friday,11,FO
128,31-10-2025,12-00-00,911.512,1191.125,1,1,2025-10-31,4,Friday,12,FO
128,31-10-2025,13-00-01,,868.195,1,0,2025-10-31,4,Friday,13,FO
129,03-11-2025,14-30-01,1189.101,1175.796,1,1,2025-11-03,0,Monday,14,FO
129,03-11-2025,16-00-00,1191.191,1197.074,1,1,2025-11-03,0,Monday,16,FO
129,03-11-2025,17-00-00,1196.405,1185.887,1,1,2025-11-03,0,Monday,17,FO
129,03-11-2025,18-00-00,1197.96,200.016,1,1,2025-11-03,0,Monday,18,FO
129,04-11-2025,14-00-00,1178.809,1128.827,1,1,2025-11-04,1,Tuesday,14,FO
129,04-11-2025,15-30-00,1197.134,1190.783,1,1,2025-11-04,1,Tuesday,15,FO
129,04-11-2025,16-30-00,1189.193,1193.009,1,1,2025-11-04,1,Tuesday,16,FO
129,04-11-2025,17-30-00,1195.473,281.211,1,1,2025-11-04,1,Tuesday,17,FO
129,06-11-2025,09-00-00,1188.116,1193.38,1,1,2025-11-06,3,Thursday,9,FO
129,06-11-2025,10-00-00,1171.192,1175.548,1,1,2025-11-06,3,Thursday,10,FO
129,06-11-2025,12-30-00,1169.457,123.119,1,1,2025-11-06,3,Thursday,12,FO
129,07-11-2025,14-30-00,1192.448,1110.148,1,1,2025-11-07,4,Friday,14,FO
129,07-11-2025,15-30-00,1112.752,1118.241,1,1,2025-11-07,4,Friday,15,FO
129,07-11-2025,16-30-00,1190.869,1196.859,1,1,2025-11-07,4,Friday,16,FO
129,07-11-2025,17-30-00,1189.454,599.429,1,1,2025-11-07,4,Friday,17,FO
80,23-09-2025,15-00-00,1196.625,1188.25,1,1,2025-09-23,1,Tuesday,15,FO
80,23-09-2025,16-30-00,1194.394,1197.196,1,1,2025-09-23,1,Tuesday,16,FO
80,23-09-2025,17-45-00,1180.372,1194.065,1,1,2025-09-23,1,Tuesday,17,FO
80,23-09-2025,19-15-00,1192.261,1196.017,1,1,2025-09-23,1,Tuesday,19,FO
80,24-09-2025,09-30-01,1197.329,1196.272,1,1,2025-09-24,2,Wednesday,9,FO
80,24-09-2025,10-30-00,1180.13,1044.432,1,1,2025-09-24,2,Wednesday,10,FO
80,24-09-2025,12-30-00,1185.603,1191.96,1,1,2025-09-24,2,Wednesday,12,FO
80,24-09-2025,13-30-00,975.603,996.566,1,1,2025-09-24,2,Wednesday,13,FO
80,25-09-2025,09-15-01,1107.122,1178.23,1,1,2025-09-25,3,Thursday,9,FO
80,25-09-2025,11-30-00,1193.886,1175.338,1,1,2025-09-25,3,Thursday,11,FO
80,25-09-2025,12-30-00,1124.786,1126.344,1,1,2025-09-25,3,Thursday,12,FO
80,26-09-2025,09-30-00,1197.484,1188.153,1,1,2025-09-26,4,Friday,9,FO
80,26-09-2025,11-00-00,1194.586,1191.186,1,1,2025-09-26,4,Friday,11,FO
80,26-09-2025,13-00-00,1195.445,1191.835,1,1,2025-09-26,4,Friday,13,FO
80,26-09-2025,14-00-00,1133.467,1138.808,1,1,2025-09-26,4,Friday,14,FO
81,22-09-2025,14-30-00,1190.081,,0,1,2025-09-22,0,Monday,14,FO
81,22-09-2025,16-00-00,1194.785,,0,1,2025-09-22,0,Monday,16,FO
81,22-09-2025,17-30-00,1194.914,,0,1,2025-09-22,0,Monday,17,FO
81,23-09-2025,14-30-00,1193.396,1195.233,1,1,2025-09-23,1,Tuesday,14,FO
81,23-09-2025,16-00-00,1190.985,1197.313,1,1,2025-09-23,1,Tuesday,16,FO
81,23-09-2025,17-00-00,1190.443,1193.002,1,1,2025-09-23,1,Tuesday,17,FO
81,23-09-2025,18-00-00,,1192.571,1,0,2025-09-23,1,Tuesday,18,FO
81,24-09-2025,15-00-00,1193.961,1195.076,1,1,2025-09-24,2,Wednesday,15,FO
81,24-09-2025,16-00-00,1197.307,1193.395,1,1,2025-09-24,2,Wednesday,16,FO
81,24-09-2025,17-00-00,1199.008,1197.376,1,1,2025-09-24,2,Wednesday,17,FO
81,25-09-2025,14-15-00,1169.763,,0,1,2025-09-25,3,Thursday,14,FO
81,25-09-2025,15-30-00,1191.362,,0,1,2025-09-25,3,Thursday,15,FO
81,25-09-2025,17-00-01,1195.76,1193.048,1,1,2025-09-25,3,Thursday,17,FO
81,26-09-2025,14-30-00,1171.318,,0,1,2025-09-26,4,Friday,14,FO
81,26-09-2025,16-00-00,1151.273,,0,1,2025-09-26,4,Friday,16,FO
81,26-09-2025,17-00-01,1189.04,,0,1,2025-09-26,4,Friday,17,FO
82,22-09-2025,14-30-00,1190.648,1186.774,1,1,2025-09-22,0,Monday,14,FO
82,22-09-2025,16-00-00,1192.252,,0,1,2025-09-22,0,Monday,16,FO
82,22-09-2025,17-30-00,1178.628,,0,1,2025-09-22,0,Monday,17,FO
82,22-09-2025,19-00-00,963.249,,0,1,2025-09-22,0,Monday,19,FO
82,23-09-2025,09-30-00,1196.368,1194.841,1,1,2025-09-23,1,Tuesday,9,FO
82,23-09-2025,10-30-00,1189.682,1189.329,1,1,2025-09-23,1,Tuesday,10,FO
82,23-09-2025,12-00-00,1192.992,1192.96,1,1,2025-09-23,1,Tuesday,12,FO
82,23-09-2025,13-30-00,480.376,1060.193,1,1,2025-09-23,1,Tuesday,13,FO
82,24-09-2025,15-00-00,1193.517,,0,1,2025-09-24,2,Wednesday,15,FO
82,24-09-2025,16-30-00,1194.68,,0,1,2025-09-24,2,Wednesday,16,FO
82,24-09-2025,17-30-00,1191.405,,0,1,2025-09-24,2,Wednesday,17,FO
82,24-09-2025,18-45-00,1192.528,,0,1,2025-09-24,2,Wednesday,18,FO
82,26-09-2025,15-00-01,1196.735,1196.954,1,1,2025-09-26,4,Friday,15,FO
82,26-09-2025,16-00-01,1193.017,,0,1,2025-09-26,4,Friday,16,FO
82,26-09-2025,17-30-00,1194.811,,0,1,2025-09-26,4,Friday,17,FO
83,22-09-2025,10-20-05,,1193.787,1,0,2025-09-22,0,Monday,10,BO
83,22-09-2025,11-30-00,1177.861,1185.611,1,1,2025-09-22,0,Monday,11,BO
83,22-09-2025,13-00-00,,1167.647,1,0,2025-09-22,0,Monday,13,BO
83,23-09-2025,09-05-00,1189.963,1196.869,1,1,2025-09-23,1,Tuesday,9,BO
83,23-09-2025,10-00-00,1191.758,,0,1,2025-09-23,1,Tuesday,10,BO
83,23-09-2025,11-30-00,1198.362,,0,1,2025-09-23,1,Tuesday,11,BO
83,23-09-2025,13-00-00,1161.993,,0,1,2025-09-23,1,Tuesday,13,BO
83,24-09-2025,12-30-01,1145.539,1188.883,1,1,2025-09-24,2,Wednesday,12,BO
83,24-09-2025,13-15-00,1183.48,1194.068,1,1,2025-09-24,2,Wednesday,13,BO
83,24-09-2025,15-15-00,1194.591,1192.089,1,1,2025-09-24,2,Wednesday,15,BO
83,24-09-2025,15-45-00,1197.544,1195.857,1,1,2025-09-24,2,Wednesday,15,BO
83,25-09-2025,09-15-01,1154.227,1165.228,1,1,2025-09-25,3,Thursday,9,BO
83,25-09-2025,10-15-01,,1187.194,1,0,2025-09-25,3,Thursday,10,BO
83,25-09-2025,14-15-00,1190.304,1129.63,1,1,2025-09-25,3,Thursday,14,BO
83,25-09-2025,15-00-01,1113.981,1195.529,1,1,2025-09-25,3,Thursday,15,BO
83,26-09-2025,08-45-00,1192.321,1190.933,1,1,2025-09-26,4,Friday,8,BO
83,26-09-2025,11-00-01,1190.058,1198.45,1,1,2025-09-26,4,Friday,11,BO
83,26-09-2025,12-45-00,1155.134,1039.978,1,1,2025-09-26,4,Friday,12,BO
83,26-09-2025,13-30-00,1197.751,1184.584,1,1,2025-09-26,4,Friday,13,BO
84,24-09-2025,10-00-00,1189.842,,0,1,2025-09-24,2,Wednesday,10,FO
84,24-09-2025,11-30-00,1158.239,,0,1,2025-09-24,2,Wednesday,11,FO
84,24-09-2025,12-30-00,827.813,,0,1,2025-09-24,2,Wednesday,12,FO
84,25-09-2025,14-30-00,1195.61,1197.188,1,1,2025-09-25,3,Thursday,14,FO
84,25-09-2025,16-00-00,1196.549,1187.777,1,1,2025-09-25,3,Thursday,16,FO
84,25-09-2025,17-00-00,1197.193,972.912,1,1,2025-09-25,3,Thursday,17,FO
84,25-09-2025,18-30-00,1167.083,1194.465,1,1,2025-09-25,3,Thursday,18,FO
84,26-09-2025,09-15-00,1192.868,1195.866,1,1,2025-09-26,4,Friday,9,FO
84,26-09-2025,11-00-00,1187.846,1196.14,1,1,2025-09-26,4,Friday,11,FO
84,26-09-2025,13-30-00,1154.113,1192.221,1,1,2025-09-26,4,Friday,13,FO
85,01-10-2025,09-15-00,1152.868,1190.732,1,1,2025-10-01,2,Wednesday,9,BO
85,01-10-2025,10-30-00,1178.533,,0,1,2025-10-01,2,Wednesday,10,BO
85,01-10-2025,11-45-00,1196.428,1158.88,1,1,2025-10-01,2,Wednesday,11,BO
85,01-10-2025,12-30-00,1167.586,1136.477,1,1,2025-10-01,2,Wednesday,12,BO
85,02-10-2025,15-30-00,1186.723,1191.86,1,1,2025-10-02,3,Thursday,15,BO
85,02-10-2025,17-00-00,1091.264,1188.304,1,1,2025-10-02,3,Thursday,17,BO
85,02-10-2025,18-00-00,1192.562,1169.776,1,1,2025-10-02,3,Thursday,18,BO
85,02-10-2025,19-00-00,1188.229,470.558,1,1,2025-10-02,3,Thursday,19,BO
85,03-10-2025,12-30-00,1191.345,1185.718,1,1,2025-10-03,4,Friday,12,BO
85,03-10-2025,13-00-00,1189.645,1179.205,1,1,2025-10-03,4,Friday,13,BO
85,03-10-2025,14-30-00,1187.854,1177.619,1,1,2025-10-03,4,Friday,14,BO
85,03-10-2025,16-00-00,1198.541,433.457,1,1,2025-10-03,4,Friday,16,BO
85,29-09-2025,15-30-01,1191.908,,0,1,2025-09-29,0,Monday,15,BO
85,29-09-2025,17-30-00,1198.193,1189.176,1,1,2025-09-29,0,Monday,17,BO
85,29-09-2025,19-30-00,1190.139,1195.093,1,1,2025-09-29,0,Monday,19,BO
85,30-09-2025,15-00-00,1192.278,1189.021,1,1,2025-09-30,1,Tuesday,15,BO
85,30-09-2025,16-30-00,1198.326,1178.084,1,1,2025-09-30,1,Tuesday,16,BO
85,30-09-2025,17-30-00,1194.473,,0,1,2025-09-30,1,Tuesday,17,BO
85,30-09-2025,19-00-00,1054.514,1069.923,1,1,2025-09-30,1,Tuesday,19,BO
86,01-10-2025,11-00-00,1181.975,1189.726,1,1,2025-10-01,2,Wednesday,11,BO
86,01-10-2025,12-30-00,1105.717,1179.102,1,1,2025-10-01,2,Wednesday,12,BO
86,01-10-2025,14-30-00,1062.972,1136.427,1,1,2025-10-01,2,Wednesday,14,BO
86,02-10-2025,11-00-00,1015.866,1196.481,1,1,2025-10-02,3,Thursday,11,BO
86,02-10-2025,12-30-01,1185.058,1082.029,1,1,2025-10-02,3,Thursday,12,BO
86,02-10-2025,13-30-01,,1195.567,1,0,2025-10-02,3,Thursday,13,BO
86,02-10-2025,15-30-00,1178.726,1191.599,1,1,2025-10-02,3,Thursday,15,BO
86,03-10-2025,11-30-01,1198.069,1192.453,1,1,2025-10-03,4,Friday,11,BO
86,03-10-2025,13-00-00,1190.01,1179.823,1,1,2025-10-03,4,Friday,13,BO
86,03-10-2025,14-30-00,1186.095,1191.982,1,1,2025-10-03,4,Friday,14,BO
86,03-10-2025,16-00-00,1037.248,1195.438,1,1,2025-10-03,4,Friday,16,BO
86,29-09-2025,11-30-00,1194.147,1195.032,1,1,2025-09-29,0,Monday,11,BO
86,29-09-2025,12-30-00,1189.602,1192.612,1,1,2025-09-29,0,Monday,12,BO
86,29-09-2025,13-45-00,1167.519,1140.482,1,1,2025-09-29,0,Monday,13,BO
86,29-09-2025,15-45-00,1192.196,1175.778,1,1,2025-09-29,0,Monday,15,BO
86,30-09-2025,14-30-00,1191.218,1196.7,1,1,2025-09-30,1,Tuesday,14,BO
86,30-09-2025,16-00-00,1188.206,1193.773,1,1,2025-09-30,1,Tuesday,16,BO
86,30-09-2025,18-00-00,,1195.253,1,0,2025-09-30,1,Tuesday,18,BO
86,30-09-2025,19-30-00,,1146.595,1,0,2025-09-30,1,Tuesday,19,BO
87,01-10-2025,15-00-00,1198.637,1189.561,1,1,2025-10-01,2,Wednesday,15,BO
87,01-10-2025,16-30-00,1198.157,1189.191,1,1,2025-10-01,2,Wednesday,16,BO
87,01-10-2025,18-00-00,78.963,1178.271,1,1,2025-10-01,2,Wednesday,18,BO
87,01-10-2025,19-00-00,,1160.131,1,0,2025-10-01,2,Wednesday,19,BO
87,02-10-2025,15-00-00,1188.728,1197.451,1,1,2025-10-02,3,Thursday,15,BO
87,02-10-2025,16-30-00,1191.968,1196.864,1,1,2025-10-02,3,Thursday,16,BO
87,02-10-2025,17-30-00,375.575,1184.254,1,1,2025-10-02,3,Thursday,17,BO
87,02-10-2025,19-00-01,,1193.211,1,0,2025-10-02,3,Thursday,19,BO
87,03-10-2025,16-00-00,1189.47,1195.606,1,1,2025-10-03,4,Friday,16,BO
87,03-10-2025,17-30-00,1197.124,1145.996,1,1,2025-10-03,4,Friday,17,BO
87,03-10-2025,18-30-00,199.176,1191.968,1,1,2025-10-03,4,Friday,18,BO
87,29-09-2025,14-45-00,,1190.078,1,0,2025-09-29,0,Monday,14,BO
87,29-09-2025,15-45-00,,1191.006,1,0,2025-09-29,0,Monday,15,BO
87,29-09-2025,17-30-00,,1190.009,1,0,2025-09-29,0,Monday,17,BO
87,29-09-2025,19-00-00,,1197.176,1,0,2025-09-29,0,Monday,19,BO
87,30-09-2025,14-45-00,1167.732,1188.624,1,1,2025-09-30,1,Tuesday,14,BO
87,30-09-2025,16-00-01,1108.299,1116.361,1,1,2025-09-30,1,Tuesday,16,BO
87,30-09-2025,17-00-00,1194.655,1192.114,1,1,2025-09-30,1,Tuesday,17,BO
87,30-09-2025,18-30-01,,1190.385,1,0,2025-09-30,1,Tuesday,18,BO
89,01-10-2025,14-30-00,1176.839,1179.356,1,1,2025-10-01,2,Wednesday,14,FO
89,01-10-2025,16-00-00,1195.021,1198.146,1,1,2025-10-01,2,Wednesday,16,FO
89,01-10-2025,17-30-00,1193.205,1194.995,1,1,2025-10-01,2,Wednesday,17,FO
89,01-10-2025,18-45-00,1191.882,1188.913,1,1,2025-10-01,2,Wednesday,18,FO
89,02-10-2025,15-30-00,1198.492,1192.71,1,1,2025-10-02,3,Thursday,15,FO
89,02-10-2025,16-30-00,1192.734,1144.005,1,1,2025-10-02,3,Thursday,16,FO
89,02-10-2025,18-00-00,1192.929,1187.411,1,1,2025-10-02,3,Thursday,18,FO
89,02-10-2025,19-00-00,1196.672,1197.937,1,1,2025-10-02,3,Thursday,19,FO
89,03-10-2025,15-30-01,,1190.742,1,0,2025-10-03,4,Friday,15,FO
89,03-10-2025,17-00-00,,1194.587,1,0,2025-10-03,4,Friday,17,FO
89,03-10-2025,18-00-00,,1183.838,1,0,2025-10-03,4,Friday,18,FO
89,03-10-2025,19-00-01,,1193.055,1,0,2025-10-03,4,Friday,19,FO
89,29-09-2025,15-30-00,1191.949,1193.299,1,1,2025-09-29,0,Monday,15,FO
89,29-09-2025,16-45-00,1191.746,1198.387,1,1,2025-09-29,0,Monday,16,FO
89,29-09-2025,18-00-01,1196.728,1199.023,1,1,2025-09-29,0,Monday,18,FO
89,29-09-2025,19-15-00,1195.738,1133.813,1,1,2025-09-29,0,Monday,19,FO
89,30-09-2025,15-15-00,1196.537,1195.008,1,1,2025-09-30,1,Tuesday,15,FO
89,30-09-2025,16-45-00,1166.011,1174.103,1,1,2025-09-30,1,Tuesday,16,FO
89,30-09-2025,18-00-00,1191.165,1132.419,1,1,2025-09-30,1,Tuesday,18,FO
89,30-09-2025,18-45-00,1174.737,1197.751,1,1,2025-09-30,1,Tuesday,18,FO
90,01-10-2025,11-00-00,1116.136,1192.285,1,1,2025-10-01,2,Wednesday,11,FO
90,01-10-2025,12-30-00,1190.464,1193.616,1,1,2025-10-01,2,Wednesday,12,FO
90,01-10-2025,14-30-00,1187.339,1197.601,1,1,2025-10-01,2,Wednesday,14,FO
90,01-10-2025,15-30-00,1195.876,1164.972,1,1,2025-10-01,2,Wednesday,15,FO
90,02-10-2025,09-30-00,1197.747,1192.143,1,1,2025-10-02,3,Thursday,9,FO
90,02-10-2025,11-00-00,1196.123,1148.646,1,1,2025-10-02,3,Thursday,11,FO
90,02-10-2025,12-30-00,1157.462,908.926,1,1,2025-10-02,3,Thursday,12,FO
90,02-10-2025,13-30-01,1198.405,1193.705,1,1,2025-10-02,3,Thursday,13,FO
90,03-10-2025,15-30-00,1194.272,1193.592,1,1,2025-10-03,4,Friday,15,FO
90,03-10-2025,17-00-00,1166.974,1198.448,1,1,2025-10-03,4,Friday,17,FO
90,03-10-2025,18-00-00,1122.191,1131.864,1,1,2025-10-03,4,Friday,18,FO
90,03-10-2025,19-00-00,1185.522,1191.363,1,1,2025-10-03,4,Friday,19,FO
90,29-09-2025,14-30-00,1192.764,1196.643,1,1,2025-09-29,0,Monday,14,FO
90,29-09-2025,15-30-00,1192.843,1190.456,1,1,2025-09-29,0,Monday,15,FO
90,29-09-2025,17-30-00,1169.381,1191.19,1,1,2025-09-29,0,Monday,17,FO
90,29-09-2025,19-00-01,1190.338,1170.531,1,1,2025-09-29,0,Monday,19,FO
93,27-10-2025,14-30-00,1163.742,1163.272,1,1,2025-10-27,0,Monday,14,BO
93,27-10-2025,16-00-00,1146.549,1156.408,1,1,2025-10-27,0,Monday,16,BO
93,27-10-2025,17-30-00,1152.59,,0,1,2025-10-27,0,Monday,17,BO
93,28-10-2025,14-30-00,1192.222,1186.976,1,1,2025-10-28,1,Tuesday,14,BO
93,28-10-2025,16-00-01,1186.255,1168.643,1,1,2025-10-28,1,Tuesday,16,BO
93,28-10-2025,17-00-00,1178.894,1164.218,1,1,2025-10-28,1,Tuesday,17,BO
93,28-10-2025,18-30-01,,496.334,1,0,2025-10-28,1,Tuesday,18,BO
93,29-10-2025,14-30-00,1178.179,1131.24,1,1,2025-10-29,2,Wednesday,14,BO
93,29-10-2025,15-30-00,1181.11,,0,1,2025-10-29,2,Wednesday,15,BO
93,29-10-2025,16-30-00,1191.303,1178.561,1,1,2025-10-29,2,Wednesday,16,BO
93,29-10-2025,17-30-00,609.691,1185.893,1,1,2025-10-29,2,Wednesday,17,BO
93,30-10-2025,14-30-01,1183.023,1178.405,1,1,2025-10-30,3,Thursday,14,BO
93,30-10-2025,16-00-00,1182.904,,0,1,2025-10-30,3,Thursday,16,BO
93,30-10-2025,17-00-00,1182.047,,0,1,2025-10-30,3,Thursday,17,BO
93,31-10-2025,11-30-00,1181.824,1180.009,1,1,2025-10-31,4,Friday,11,BO
93,31-10-2025,13-00-00,1157.493,1101.033,1,1,2025-10-31,4,Friday,13,BO
93,31-10-2025,14-30-00,211.953,1126.15,1,1,2025-10-31,4,Friday,14,BO
95,06-10-2025,15-00-00,1154.31,1159.059,1,1,2025-10-06,0,Monday,15,BO
95,06-10-2025,16-30-01,1196.423,1169.006,1,1,2025-10-06,0,Monday,16,BO
95,06-10-2025,17-30-00,1175.572,1135.501,1,1,2025-10-06,0,Monday,17,BO
95,06-10-2025,18-30-00,1093.686,1186.319,1,1,2025-10-06,0,Monday,18,BO
95,07-10-2025,14-30-00,1190.333,1198.062,1,1,2025-10-07,1,Tuesday,14,BO
95,07-10-2025,16-00-00,1197.563,1184.636,1,1,2025-10-07,1,Tuesday,16,BO
95,07-10-2025,18-00-00,1192.617,1193.219,1,1,2025-10-07,1,Tuesday,18,BO
95,07-10-2025,19-00-00,993.978,1179.392,1,1,2025-10-07,1,Tuesday,19,BO
95,08-10-2025,14-30-01,1187.249,1187.038,1,1,2025-10-08,2,Wednesday,14,BO
95,08-10-2025,15-30-00,1189.873,1178.774,1,1,2025-10-08,2,Wednesday,15,BO
95,08-10-2025,17-30-00,1153.73,1180.299,1,1,2025-10-08,2,Wednesday,17,BO
95,08-10-2025,19-00-00,716.12,1190.133,1,1,2025-10-08,2,Wednesday,19,BO
95,09-10-2025,15-30-00,1194.95,1137.868,1,1,2025-10-09,3,Thursday,15,BO
95,09-10-2025,16-30-00,1089.592,1170.435,1,1,2025-10-09,3,Thursday,16,BO
95,09-10-2025,17-00-00,1195.846,1193.189,1,1,2025-10-09,3,Thursday,17,BO
95,09-10-2025,18-00-00,1195.569,1125.945,1,1,2025-10-09,3,Thursday,18,BO
95,10-10-2025,15-30-01,1198.473,1190.004,1,1,2025-10-10,4,Friday,15,BO
95,10-10-2025,16-30-00,1192.09,1170.387,1,1,2025-10-10,4,Friday,16,BO
95,10-10-2025,17-30-01,1196.142,1176.654,1,1,2025-10-10,4,Friday,17,BO
95,10-10-2025,18-00-00,973.121,1196.728,1,1,2025-10-10,4,Friday,18,BO
97,27-10-2025,14-00-00,1155.458,1197.664,1,1,2025-10-27,0,Monday,14,BO
97,27-10-2025,15-30-00,1184.955,1157.43,1,1,2025-10-27,0,Monday,15,BO
97,27-10-2025,17-00-00,1192.161,1187.533,1,1,2025-10-27,0,Monday,17,BO
97,27-10-2025,18-00-01,1180.415,,0,1,2025-10-27,0,Monday,18,BO
97,28-10-2025,15-30-00,1195.987,1190.353,1,1,2025-10-28,1,Tuesday,15,BO
97,28-10-2025,16-30-00,1190.276,1192.538,1,1,2025-10-28,1,Tuesday,16,BO
97,28-10-2025,17-30-00,1195.928,,0,1,2025-10-28,1,Tuesday,17,BO
97,29-10-2025,14-30-00,1188.46,1187.513,1,1,2025-10-29,2,Wednesday,14,BO
97,29-10-2025,15-30-00,1197.836,1197.552,1,1,2025-10-29,2,Wednesday,15,BO
97,29-10-2025,16-30-00,1196.843,1192.274,1,1,2025-10-29,2,Wednesday,16,BO
97,29-10-2025,17-40-00,1194.838,,0,1,2025-10-29,2,Wednesday,17,BO
97,30-10-2025,15-30-00,1192.142,1191.117,1,1,2025-10-30,3,Thursday,15,BO
97,30-10-2025,16-30-00,1196.674,1183.499,1,1,2025-10-30,3,Thursday,16,BO
97,30-10-2025,17-30-00,1190.115,,0,1,2025-10-30,3,Thursday,17,BO
97,30-10-2025,18-30-00,1193.981,,0,1,2025-10-30,3,Thursday,18,BO
97,31-10-2025,15-00-00,1198.492,,0,1,2025-10-31,4,Friday,15,BO
97,31-10-2025,16-30-00,1196.775,,0,1,2025-10-31,4,Friday,16,BO
97,31-10-2025,17-30-01,1196.646,,0,1,2025-10-31,4,Friday,17,BO
97,31-10-2025,18-30-01,1196.509,,0,1,2025-10-31,4,Friday,18,BO
99,03-11-2025,09-30-00,1194.241,1196.296,1,1,2025-11-03,0,Monday,9,BO
99,03-11-2025,10-30-00,1196.036,1196.652,1,1,2025-11-03,0,Monday,10,BO
99,03-11-2025,12-30-00,1159.259,1174.87,1,1,2025-11-03,0,Monday,12,BO
99,03-11-2025,13-30-00,1115.542,1189.724,1,1,2025-11-03,0,Monday,13,BO
99,04-11-2025,09-30-00,1194.219,1188.868,1,1,2025-11-04,1,Tuesday,9,BO
99,04-11-2025,11-00-00,1185.426,1194.277,1,1,2025-11-04,1,Tuesday,11,BO
99,04-11-2025,12-00-00,1194.53,1191.844,1,1,2025-11-04,1,Tuesday,12,BO
99,04-11-2025,13-00-00,1188.485,1174.066,1,1,2025-11-04,1,Tuesday,13,BO
99,06-11-2025,10-00-00,1196.913,1195.664,1,1,2025-11-06,3,Thursday,10,BO
99,06-11-2025,11-00-00,1112.445,1190.332,1,1,2025-11-06,3,Thursday,11,BO
99,06-11-2025,12-00-00,1194.198,1192.929,1,1,2025-11-06,3,Thursday,12,BO
99,06-11-2025,13-00-01,1191.789,1189.932,1,1,2025-11-06,3,Thursday,13,BO
99,07-11-2025,09-30-00,1194.403,1198.212,1,1,2025-11-07,4,Friday,9,BO
99,07-11-2025,10-30-00,1190.149,1182.276,1,1,2025-11-07,4,Friday,10,BO
99,07-11-2025,11-30-01,1164.83,1190.267,1,1,2025-11-07,4,Friday,11,BO
99,07-11-2025,12-30-00,1193.677,1161.445,1,1,2025-11-07,4,Friday,12,BO
